<?xml version="1.0" encoding="UTF-8"?>



<!--
  ~ * Copyright 2016 Red Hat, Inc. and/or its affiliates
  ~ * and other contributors as indicated by the @author tags.
  ~ *
  ~ * Licensed under the Apache License, Version 2.0 (the "License");
  ~ * you may not use this file except in compliance with the License.
  ~ * You may obtain a copy of the License at
  ~ *
  ~ * http://www.apache.org/licenses/LICENSE-2.0
  ~ *
  ~ * Unless required by applicable law or agreed to in writing, software
  ~ * distributed under the License is distributed on an "AS IS" BASIS,
  ~ * WITHOUT WARRANTIES OR CONDITIONS OF ANY KIND, either express or implied.
  ~ * See the License for the specific language governing permissions and
  ~ * limitations under the License.
  -->

<module xmlns="urn:jboss:module:1.1" name="org.keycloak.keycloak-saml-wildfly-elytron-adapter">
    <properties>
        <property name="jboss.api" value="private"/>
    </properties>
    <resources>
        <resource-root path="keycloak-saml-wildfly-elytron-adapter-9.0.3.redhat-00002.jar"/>
        <!-- Insert resources here -->
    </resources>
    <dependencies>
        <module name="javax.api"/>
        <module name="org.bouncycastle" />
        <module name="javax.servlet.api"/>
        <module name="org.jboss.logging"/>
        <module name="io.undertow.core"/>
        <module name="io.undertow.servlet"/>
        <module name="org.picketbox"/>
        <module name="org.keycloak.keycloak-saml-undertow-adapter"/>
        <module name="org.keycloak.keycloak-adapter-spi"/>
        <module name="org.keycloak.keycloak-saml-core-public"/>
        <module name="org.keycloak.keycloak-saml-core"/>
        <module name="org.keycloak.keycloak-saml-adapter-api-public"/>
        <module name="org.keycloak.keycloak-saml-adapter-core"/>
        <module name="org.keycloak.keycloak-common"/>
        <module name="org.apache.httpcomponents"/>
        <module name="org.infinispan"/>
        <module name="org.infinispan.commons"/>
        <module name="org.infinispan.cachestore.remote"/>
        <module name="org.infinispan.client.hotrod"/>
        <module name="org.wildfly.security.elytron"/>
    </dependencies>

</module>
